Underlying,Strike,IV,TTM,RF,DivRate
104.55011972598787,112.75143868302435,0.2,152,0.045,0.040023662923591385
