RF,Expected_Value_1,Expected_Value_2,Expected_Value_3
0.045,0.16047780270380357,0.17451790658183752,0.1662038341615112
