Asset1,Asset2,Asset3
0.0413027014722336,0.0250151736959602,0.023409388278297957
0.0250151736959602,0.05195664117743706,0.0262555650798393
0.023409388278297954,0.0262555650798393,0.04550028869221126
