weight1,weight2,weight3
0.4280130321292979,0.48442591125652934,0.08756105661417268
